Parameter,Function,Test Case,cyclomatic_complexity,SPF_Results
"(int Side1, int Side2, int Side3)","public class Type {
public static int type(int Side1, int Side2, int Side3)
    {
        int tri_out;
        // tri_out is output from the routine:
        //    Triang = 1 if triangle is scalene
        //    Triang = 2 if triangle is isosceles
        //    Triang = 3 if triangle is equilateral
        //    Triang = 4 if not a triangle
        // After a quick confirmation that it's a legal
        // triangle, detect any sides of equal length
        if (Side1 <= 0 || Side2 <= 0 || Side3 <= 0)
        {
            tri_out = 4;
            return (tri_out);
        }

        tri_out = 0;
        if (Side1 == Side2)
            tri_out = tri_out + 1;
        if (Side1 == Side3)
            tri_out = tri_out + 2;
        if (Side2 == Side3)
            tri_out = tri_out + 3;
        if (tri_out == 0)
        {  // Confirm it's a legal triangle before declaring
            // it to be scalene

            if (Side1+Side2 <= Side3 || Side2+Side3 <= Side1 ||
                    Side1+Side3 <= Side2)
                tri_out = 4;
            else
                tri_out = 1;
            return (tri_out);
        }

        /* Confirm it's a legal triangle before declaring  */
        /* it to be isosceles or equilateral  */

        if (tri_out > 3)
            tri_out = 3;
        else if (tri_out == 1 && Side1+Side2 > Side3)
            tri_out = 2;
        else if (tri_out == 2 && Side1+Side3 > Side2)
            tri_out = 2;
        else if (tri_out == 3 && Side2+Side3 > Side1)
            tri_out = 2;
        else
            tri_out = 4;
        return (tri_out);
    }
}","@Test
    public void testIsosceles2() {
        Assert.assertEquals(trityp.type(10,10,2), 2);
    }",18,"Inputs: Side1_1_SYMINT,Side2_2_SYMINT,Side3_3_SYMINT

demo.Type.type(0,-9223372036854775808(don't care),-9223372036854775808(don't care))  --> Return Value: 4
demo.Type.type(1,0,-9223372036854775808(don't care))  --> Return Value: 4
demo.Type.type(1,1,0)  --> Return Value: 4
demo.Type.type(1,1,1)  --> Return Value: 3
demo.Type.type(2,2,3)  --> Return Value: 2
demo.Type.type(1,1,2)  --> Return Value: 4
demo.Type.type(2,3,2)  --> Return Value: 2
demo.Type.type(1,2,1)  --> Return Value: 4
demo.Type.type(1,2,2)  --> Return Value: 2
demo.Type.type(2,1,1)  --> Return Value: 4
demo.Type.type(1,2,3)  --> Return Value: 4
demo.Type.type(3,1,2)  --> Return Value: 4
demo.Type.type(1,3,2)  --> Return Value: 4
demo.Type.type(2,3,4)  --> Return Value: 1
"
"(int x, int y, int z)","public class Median {
static int median (int x, int y, int z) {
        int m = z;
        if (y < z) {
            if (x < y)
                m = y;
            else if (x < z)
                m = x;
        }
        else {
            if (x > y)
                m = y;
            else if (x > z)
                m = x;
        }

        // assertions below added to express correctness -- see
        // Yang et al.'s ICSE 2014 paper on iProperty for details

        assert x == y || x == z ? m == x : true ; // #1
        assert y == z ? m == y : true ;         // #2
        assert x < z && z < y ? m == z : true ; // #3
        assert y < z && z < x ? m == z : true ; // #4
        assert x < y && y < z ? m == y : true ; // #5
        assert z < y && y < x ? m == y : true ; // #6
        assert y < x && x < z ? m == x : true ; // #7
        assert z < x && x < y ? m == x : true ; // #8

        return m;
    }
}","@Test
    public void midIsFirst() {
        Assert.assertEquals(2, median(2, 1, 3));
    }",13,"Inputs: x_1_SYMINT,y_2_SYMINT,z_3_SYMINT

demo.Median.median(-1,0,1)  --> Return Value: 0
demo.Median.median(1,0,0)  --> Return Value: 0
demo.Median.median(1,0,-1)  --> Return Value: 0
demo.Median.median(0,-1,1)  --> Return Value: 0
demo.Median.median(-1,-1,0)  --> Return Value: -1
demo.Median.median(1,0,1)  --> Return Value: 1
demo.Median.median(2,0,1)  --> Return Value: 1
demo.Median.median(0,1,-1)  --> Return Value: 0
demo.Median.median(0,0,-1)  --> Return Value: 0
demo.Median.median(0,0,0)  --> Return Value: 0
demo.Median.median(-1,0,-1)  --> Return Value: -1
demo.Median.median(-1,0,0)  --> Return Value: 0
demo.Median.median(-1,1,0)  --> Return Value: 0
"
