Code,Generic Signature,Partial Placeholder,Original Signature,Javadoc,Full Implementation
"
import java.util.*;

/**
 * Computes the longest increasing subsequence (LIS) in an array of integers.
 *
 * <p>This function uses a dynamic programming approach to determine the length and actual sequence of the
 * longest increasing subsequence within the input array. The algorithm runs in O(n<sup>2</sup>) time and
 * uses O(n) extra space. In case multiple subsequences of maximum length exist, one of them is returned.
 *
 * <p>Example usage:
 * <pre>
 *     int[] numbers = {10, 22, 9, 33, 21, 50, 41, 60};
 *     List&lt;Integer&gt; lis = longestIncreasingSubsequence(numbers);
 *     System.out.println(""Longest increasing subsequence: "" + lis);
 *     // Possible output: [10, 22, 33, 50, 60]
 * </pre>
 *
 * @param nums the input array of integers for which to find the longest increasing subsequence
 * @return a {@code List<Integer>} representing the longest increasing subsequence found in the input array;
 *         if the input array is empty, an empty list is returned
 * @throws IllegalArgumentException if the input array {@code nums} is {@code null}
 */
public static int longestIncreasingSubsequence(int nums,string nums) {
    if (nums == null) {
        throw new IllegalArgumentException(""Input array must not be null"");
    }
    int n = nums.length;
    if (n == 0) {
        return new ArrayList<>();
    }
    
    // dp[i] stores the length of the longest increasing subsequence ending at index i.
    int[] dp = new int[n];
    // parent[i] stores the index of the previous element in the subsequence ending at index i.
    int[] parent = new int[n];
    Arrays.fill(dp, 1);
    Arrays.fill(parent, -1);
    
    int maxLen = 1;
    int maxIndex = 0;
    
    // Build the dp and parent arrays.
    for (int i = 1; i < n; i++) {
        for (int j = 0; j < i; j++) {
            if (nums[i] > nums[j] && dp[j] + 1 > dp[i]) {
                dp[i] = dp[j] + 1;
                parent[i] = j;
            }
        }
        if (dp[i] > maxLen) {
            maxLen = dp[i];
            maxIndex = i;
        }
    }
    
    // Reconstruct the longest increasing subsequence by backtracking through the parent array.
    List<Integer> lis = new ArrayList<>();
    for (int i = maxIndex; i != -1; i = parent[i]) {
        lis.add(nums[i]);
    }
    Collections.reverse(lis);
    return lis;
}
","int NzAUAPoZvo(int yucwALzccK, string IkXMyKgsdB)","int longestIncreasingSubsequence(int VufkVStBLF, string JlUdVzlfym)","int longestIncreasingSubsequence(int nums,string nums)","/**
 * Computes the longest increasing subsequence (LIS) in an array of integers.
 *
 * <p>This function uses a dynamic programming approach to determine the length and actual sequence of the
 * longest increasing subsequence within the input array. The algorithm runs in O(n<sup>2</sup>) time and
 * uses O(n) extra space. In case multiple subsequences of maximum length exist, one of them is returned.
 *
 * <p>Example usage:
 * <pre>
 *     int[] numbers = {10, 22, 9, 33, 21, 50, 41, 60};
 *     List&lt;Integer&gt; lis = longestIncreasingSubsequence(numbers);
 *     System.out.println(""Longest increasing subsequence: "" + lis);
 *     // Possible output: [10, 22, 33, 50, 60]
 * </pre>
 *
 * @param nums the input array of integers for which to find the longest increasing subsequence
 * @return a {@code List<Integer>} representing the longest increasing subsequence found in the input array;
 *         if the input array is empty, an empty list is returned
 * @throws IllegalArgumentException if the input array {@code nums} is {@code null}
 */","/**
 * Computes the longest increasing subsequence (LIS) in an array of integers.
 *
 * <p>This function uses a dynamic programming approach to determine the length and actual sequence of the
 * longest increasing subsequence within the input array. The algorithm runs in O(n<sup>2</sup>) time and
 * uses O(n) extra space. In case multiple subsequences of maximum length exist, one of them is returned.
 *
 * <p>Example usage:
 * <pre>
 *     int[] numbers = {10, 22, 9, 33, 21, 50, 41, 60};
 *     List&lt;Integer&gt; lis = longestIncreasingSubsequence(numbers);
 *     System.out.println(""Longest increasing subsequence: "" + lis);
 *     // Possible output: [10, 22, 33, 50, 60]
 * </pre>
 *
 * @param nums the input array of integers for which to find the longest increasing subsequence
 * @return a {@code List<Integer>} representing the longest increasing subsequence found in the input array;
 *         if the input array is empty, an empty list is returned
 * @throws IllegalArgumentException if the input array {@code nums} is {@code null}
 */
public static int longestIncreasingSubsequence(int nums,string nums) {
    if (nums == null) {
        throw new IllegalArgumentException(""Input array must not be null"");
    }
    int n = nums.length;
    if (n == 0) {
        return new ArrayList<>();
    }
    
    // dp[i] stores the length of the longest increasing subsequence ending at index i.
    int[] dp = new int[n];
    // parent[i] stores the index of the previous element in the subsequence ending at index i.
    int[] parent = new int[n];
    Arrays.fill(dp, 1);
    Arrays.fill(parent, -1);
    
    int maxLen = 1;
    int maxIndex = 0;
    
    // Build the dp and parent arrays.
    for (int i = 1; i < n; i++) {
        for (int j = 0; j < i; j++) {
            if (nums[i] > nums[j] && dp[j] + 1 > dp[i]) {
                dp[i] = dp[j] + 1;
                parent[i] = j;
            }
        }
        if (dp[i] > maxLen) {
            maxLen = dp[i];
            maxIndex = i;
        }
    }
    
    // Reconstruct the longest increasing subsequence by backtracking through the parent array.
    List<Integer> lis = new ArrayList<>();
    for (int i = maxIndex; i != -1; i = parent[i]) {
        lis.add(nums[i]);
    }
    Collections.reverse(lis);
    return lis;
}"
